"medical_condition","avg_stay"
"Asthma","15.1044976778293816"
"Arthritis","15.0615642591927177"
"Hypertension","14.9489361702127660"
"Diabetes","14.9173095467695275"
"Obesity","14.9098330693310589"
"Cancer","14.9016693066894115"
